"","stock","date","action"
"1","A",2022-03-22,"Buy"
"2","A",2022-03-23,"Sell"
"3","A",2022-03-21,"Buy"
"4","A",2022-03-24,"Sell"
"5","AAL",2022-03-22,"Buy"
"6","AAL",2022-03-24,"Sell"
"7","AAL",2022-03-23,"Buy"
"8","AAL",2022-03-18,"Sell"
"9","AAP",2022-03-22,"Buy"
"10","AAP",2022-03-18,"Sell"
"11","AAP",2022-03-21,"Buy"
"12","AAP",2022-03-23,"Sell"
"13","AAPL",2022-03-22,"Buy"
"14","AAPL",2022-03-24,"Sell"
"15","AAPL",2022-03-21,"Sell"
"16","AAPL",2022-03-18,"Sell"
"17","ABBV",2022-03-23,"Sell"
"18","ABBV",2022-03-24,"Buy"
"19","ABBV",2022-03-22,"Buy"
"20","ABBV",2022-03-18,"Buy"
"21","ABC",2022-03-21,"Buy"
"22","ABC",2022-03-18,"Buy"
"23","ABC",2022-03-24,"Sell"
"24","ABC",2022-03-23,"Sell"
"25","ABMD",2022-03-23,"Sell"
"26","ABMD",2022-03-22,"Buy"
"27","ABMD",2022-03-24,"Sell"
"28","ABMD",2022-03-18,"Buy"
"29","ABT",2022-03-21,"Buy"
"30","ABT",2022-03-23,"Sell"
"31","ABT",2022-03-18,"Sell"
"32","ABT",2022-03-24,"Sell"
"33","ACN",2022-03-21,"Buy"
"34","ACN",2022-03-23,"Sell"
"35","ACN",2022-03-22,"Buy"
"36","ACN",2022-03-18,"Buy"
"37","ADBE",2022-03-21,"Buy"
"38","ADBE",2022-03-23,"Sell"
"39","ADBE",2022-03-22,"Buy"
"40","ADBE",2022-03-18,"Sell"
"41","ADI",2022-03-21,"Buy"
"42","ADI",2022-03-23,"Sell"
"43","ADI",2022-03-22,"Buy"
"44","ADI",2022-03-18,"Buy"
"45","ADM",2022-03-21,"Buy"
"46","ADM",2022-03-23,"Sell"
"47","ADM",2022-03-22,"Buy"
"48","ADM",2022-03-18,"Buy"
"49","ADP",2022-03-24,"Buy"
"50","ADP",2022-03-21,"Buy"
"51","ADP",2022-03-23,"Sell"
"52","ADP",2022-03-18,"Buy"
"53","ADSK",2022-03-24,"Sell"
"54","ADSK",2022-03-21,"Buy"
"55","ADSK",2022-03-23,"Sell"
"56","ADSK",2022-03-18,"Sell"
"57","AEE",2022-03-22,"Buy"
"58","AEE",2022-03-24,"Sell"
"59","AEE",2022-03-23,"Sell"
"60","AEE",2022-03-18,"Buy"
"61","AEP",2022-03-22,"Sell"
"62","AEP",2022-03-18,"Buy"
"63","AEP",2022-03-21,"Sell"
"64","AEP",2022-03-23,"Buy"
"65","AES",2022-03-22,"Buy"
"66","AES",2022-03-24,"Sell"
"67","AES",2022-03-21,"Buy"
"68","AES",2022-03-18,"Buy"
"69","AFL",2022-03-23,"Sell"
"70","AFL",2022-03-24,"Sell"
"71","AFL",2022-03-22,"Buy"
"72","AFL",2022-03-18,"Buy"
"73","AIG",2022-03-21,"Sell"
"74","AIG",2022-03-18,"Buy"
"75","AIG",2022-03-24,"Sell"
"76","AIG",2022-03-23,"Sell"
"77","AIZ",2022-03-21,"Buy"
"78","AIZ",2022-03-18,"Buy"
"79","AIZ",2022-03-24,"Sell"
"80","AIZ",2022-03-22,"Buy"
"81","AJG",2022-03-18,"Buy"
"82","AJG",2022-03-22,"Sell"
"83","AJG",2022-03-23,"Sell"
"84","AJG",2022-03-21,"Buy"
"85","AKAM",2022-03-24,"Sell"
"86","AKAM",2022-03-22,"Buy"
"87","AKAM",2022-03-23,"Sell"
"88","AKAM",2022-03-18,"Buy"
"89","ALB",2022-03-24,"Sell"
"90","ALB",2022-03-18,"Buy"
"91","ALB",2022-03-21,"Sell"
"92","ALB",2022-03-23,"Sell"
"93","ALGN",2022-03-23,"Sell"
"94","ALGN",2022-03-18,"Buy"
"95","ALGN",2022-03-24,"Sell"
"96","ALGN",2022-03-21,"Buy"
"97","ALK",2022-03-23,"Sell"
"98","ALK",2022-03-22,"Buy"
"99","ALK",2022-03-24,"Sell"
"100","ALK",2022-03-18,"Sell"
"101","ALL",2022-03-21,"Buy"
"102","ALL",2022-03-18,"Buy"
"103","ALL",2022-03-24,"Sell"
"104","ALL",2022-03-23,"Buy"
"105","ALLE",2022-03-21,"Buy"
"106","ALLE",2022-03-23,"Sell"
"107","ALLE",2022-03-18,"Buy"
"108","ALLE",2022-03-24,"Sell"
"109","AMAT",2022-03-21,"Buy"
"110","AMAT",2022-03-23,"Sell"
"111","AMAT",2022-03-18,"Buy"
"112","AMAT",2022-03-24,"Sell"
"113","AMCR",2022-03-24,"Buy"
"114","AMCR",2022-03-21,"Buy"
"115","AMCR",2022-03-23,"Sell"
"116","AMCR",2022-03-18,"Sell"
"117","AMD",2022-03-24,"Sell"
"118","AMD",2022-03-21,"Buy"
"119","AMD",2022-03-23,"Sell"
"120","AMD",2022-03-18,"Buy"
"121","AME",2022-03-24,"Sell"
"122","AME",2022-03-21,"Buy"
"123","AME",2022-03-23,"Sell"
"124","AME",2022-03-18,"Buy"
"125","AMGN",2022-03-24,"Sell"
"126","AMGN",2022-03-21,"Buy"
"127","AMGN",2022-03-23,"Sell"
"128","AMGN",2022-03-18,"Sell"
"129","AMP",2022-03-22,"Sell"
"130","AMP",2022-03-21,"Buy"
"131","AMP",2022-03-23,"Sell"
"132","AMP",2022-03-24,"Buy"
"133","AMT",2022-03-18,"Buy"
"134","AMT",2022-03-24,"Sell"
"135","AMT",2022-03-21,"Buy"
"136","AMT",2022-03-23,"Sell"
"137","AMZN",2022-03-18,"Buy"
"138","AMZN",2022-03-22,"Sell"
"139","AMZN",2022-03-23,"Sell"
"140","AMZN",2022-03-24,"Sell"
"141","ANET",2022-03-24,"Sell"
"142","ANET",2022-03-18,"Buy"
"143","ANET",2022-03-21,"Sell"
"144","ANET",2022-03-23,"Sell"
"145","ANSS",2022-03-23,"Sell"
"146","ANSS",2022-03-18,"Buy"
"147","ANSS",2022-03-24,"Sell"
"148","ANSS",2022-03-21,"Buy"
"149","ANTM",2022-03-23,"Sell"
"150","ANTM",2022-03-22,"Buy"
"151","ANTM",2022-03-24,"Sell"
"152","ANTM",2022-03-18,"Buy"
"153","AON",2022-03-21,"Buy"
"154","AON",2022-03-18,"Buy"
"155","AON",2022-03-24,"Sell"
"156","AON",2022-03-23,"Buy"
"157","AOS",2022-03-23,"Sell"
"158","AOS",2022-03-22,"Buy"
"159","AOS",2022-03-24,"Sell"
"160","AOS",2022-03-21,"Buy"
"161","APA",2022-03-23,"Buy"
"162","APA",2022-03-18,"Sell"
"163","APA",2022-03-22,"Buy"
"164","APA",2022-03-21,"Sell"
"165","APD",2022-03-21,"Buy"
"166","APD",2022-03-22,"Sell"
"167","APD",2022-03-23,"Sell"
"168","APD",2022-03-18,"Sell"
"169","APH",2022-03-22,"Sell"
"170","APH",2022-03-24,"Sell"
"171","APH",2022-03-18,"Buy"
"172","APH",2022-03-23,"Sell"
"173","APTV",2022-03-21,"Buy"
"174","APTV",2022-03-18,"Sell"
"175","APTV",2022-03-23,"Buy"
"176","APTV",2022-03-24,"Buy"
"177","ARE",2022-03-22,"Sell"
"178","ARE",2022-03-23,"Sell"
"179","ARE",2022-03-18,"Buy"
"180","ARE",2022-03-24,"Sell"
"181","ATO",2022-03-22,"Sell"
"182","ATO",2022-03-21,"Sell"
"183","ATO",2022-03-24,"Buy"
"184","ATO",2022-03-23,"Sell"
"185","ATVI",2022-03-23,"Sell"
"186","ATVI",2022-03-21,"Buy"
"187","ATVI",2022-03-18,"Buy"
"188","ATVI",2022-03-22,"Sell"
"189","AVB",2022-03-22,"Sell"
"190","AVB",2022-03-23,"Buy"
"191","AVB",2022-03-24,"Buy"
"192","AVB",2022-03-18,"Buy"
"193","AVGO",2022-03-22,"Buy"
"194","AVGO",2022-03-21,"Buy"
"195","AVGO",2022-03-18,"Buy"
"196","AVGO",2022-03-24,"Sell"
"197","AVY",2022-03-21,"Sell"
"198","AVY",2022-03-18,"Buy"
"199","AVY",2022-03-23,"Sell"
"200","AVY",2022-03-24,"Buy"
"201","AWK",2022-03-18,"Buy"
"202","AWK",2022-03-21,"Sell"
"203","AWK",2022-03-24,"Buy"
"204","AWK",2022-03-23,"Sell"
"205","AXP",2022-03-21,"Buy"
"206","AXP",2022-03-18,"Buy"
"207","AXP",2022-03-23,"Sell"
"208","AXP",2022-03-24,"Buy"
"209","AZO",2022-03-18,"Buy"
"210","AZO",2022-03-22,"Sell"
"211","AZO",2022-03-21,"Buy"
"212","AZO",2022-03-24,"Sell"
"213","BA",2022-03-24,"Sell"
"214","BA",2022-03-18,"Sell"
"215","BA",2022-03-23,"Buy"
"216","BA",2022-03-21,"Sell"
"217","BAC",2022-03-21,"Sell"
"218","BAC",2022-03-24,"Sell"
"219","BAC",2022-03-22,"Sell"
"220","BAC",2022-03-23,"Buy"
"221","BAX",2022-03-21,"Buy"
"222","BAX",2022-03-24,"Sell"
"223","BAX",2022-03-18,"Buy"
"224","BAX",2022-03-23,"Sell"
"225","BBWI",2022-03-21,"Sell"
"226","BBWI",2022-03-18,"Sell"
"227","BBWI",2022-03-23,"Buy"
"228","BBWI",2022-03-24,"Sell"
"229","BBY",2022-03-22,"Sell"
"230","BBY",2022-03-23,"Sell"
"231","BBY",2022-03-18,"Buy"
"232","BBY",2022-03-24,"Sell"
"233","BDX",2022-03-22,"Sell"
"234","BDX",2022-03-21,"Buy"
"235","BDX",2022-03-24,"Sell"
"236","BDX",2022-03-23,"Sell"
"237","BEN",2022-03-23,"Buy"
"238","BEN",2022-03-22,"Buy"
"239","BEN",2022-03-21,"Sell"
"240","BEN",2022-03-18,"Sell"
"241","BF-B",2022-03-23,"Sell"
"242","BF-B",2022-03-22,"Buy"
"243","BF-B",2022-03-24,"Sell"
"244","BF-B",2022-03-21,"Buy"
"245","BIIB",2022-03-18,"Sell"
"246","BIIB",2022-03-23,"Buy"
"247","BIIB",2022-03-21,"Buy"
"248","BIIB",2022-03-22,"Sell"
"249","BIO",2022-03-24,"Sell"
"250","BIO",2022-03-23,"Sell"
"251","BIO",2022-03-22,"Buy"
"252","BIO",2022-03-21,"Buy"
"253","BK",2022-03-22,"Buy"
"254","BK",2022-03-23,"Sell"
"255","BK",2022-03-21,"Buy"
"256","BK",2022-03-24,"Sell"
"257","BKNG",2022-03-23,"Sell"
"258","BKNG",2022-03-21,"Buy"
"259","BKNG",2022-03-22,"Sell"
"260","BKNG",2022-03-24,"Sell"
"261","BKR",2022-03-22,"Buy"
"262","BKR",2022-03-23,"Buy"
"263","BKR",2022-03-21,"Sell"
"264","BKR",2022-03-24,"Buy"
"265","BLK",2022-03-21,"Sell"
"266","BLK",2022-03-23,"Sell"
"267","BLK",2022-03-24,"Buy"
"268","BLK",2022-03-22,"Sell"
"269","BLL",2022-03-22,"Buy"
"270","BLL",2022-03-18,"Buy"
"271","BLL",2022-03-21,"Sell"
"272","BLL",2022-03-24,"Sell"
"273","BMY",2022-03-21,"Sell"
"274","BMY",2022-03-23,"Sell"
"275","BMY",2022-03-24,"Buy"
"276","BMY",2022-03-22,"Buy"
"277","BR",2022-03-23,"Sell"
"278","BR",2022-03-22,"Buy"
"279","BR",2022-03-21,"Buy"
"280","BR",2022-03-24,"Sell"
"281","BRK-B",2022-03-23,"Sell"
"282","BRK-B",2022-03-22,"Sell"
"283","BRK-B",2022-03-21,"Buy"
"284","BRK-B",2022-03-24,"Sell"
"285","BRO",2022-03-23,"Sell"
"286","BRO",2022-03-22,"Sell"
"287","BRO",2022-03-21,"Buy"
"288","BRO",2022-03-24,"Sell"
"289","BSX",2022-03-18,"Buy"
"290","BSX",2022-03-21,"Sell"
"291","BSX",2022-03-23,"Sell"
"292","BSX",2022-03-24,"Buy"
"293","BWA",2022-03-23,"Buy"
"294","BWA",2022-03-24,"Sell"
"295","BWA",2022-03-22,"Buy"
"296","BWA",2022-03-21,"Sell"
"297","BXP",2022-03-18,"Sell"
"298","BXP",2022-03-21,"Buy"
"299","BXP",2022-03-23,"Sell"
"300","BXP",2022-03-24,"Sell"
"301","C",2022-03-23,"Buy"
"302","C",2022-03-21,"Sell"
"303","C",2022-03-22,"Buy"
"304","C",2022-03-24,"Sell"
"305","CAG",2022-03-22,"Buy"
"306","CAG",2022-03-23,"Sell"
"307","CAG",2022-03-21,"Sell"
"308","CAG",2022-03-24,"Buy"
"309","CAH",2022-03-23,"Buy"
"310","CAH",2022-03-21,"Sell"
"311","CAH",2022-03-22,"Buy"
"312","CAH",2022-03-24,"Buy"
"313","CARR",2022-03-22,"Buy"
"314","CARR",2022-03-21,"Buy"
"315","CARR",2022-03-18,"Sell"
"316","CARR",2022-03-24,"Buy"
"317","CAT",2022-03-23,"Sell"
"318","CAT",2022-03-21,"Buy"
"319","CAT",2022-03-24,"Sell"
"320","CAT",2022-03-18,"Buy"
"321","CB",2022-03-18,"Buy"
"322","CB",2022-03-22,"Sell"
"323","CB",2022-03-21,"Buy"
"324","CB",2022-03-24,"Sell"
"325","CBOE",2022-03-23,"Sell"
"326","CBOE",2022-03-22,"Buy"
"327","CBOE",2022-03-21,"Buy"
"328","CBOE",2022-03-18,"Buy"
"329","CBRE",2022-03-18,"Buy"
"330","CBRE",2022-03-23,"Sell"
"331","CBRE",2022-03-22,"Buy"
"332","CBRE",2022-03-24,"Buy"
"333","CCI",2022-03-24,"Sell"
"334","CCI",2022-03-21,"Buy"
"335","CCI",2022-03-22,"Sell"
"336","CCI",2022-03-23,"Sell"
"337","CCL",2022-03-21,"Buy"
"338","CCL",2022-03-24,"Sell"
"339","CCL",2022-03-23,"Buy"
"340","CCL",2022-03-22,"Buy"
"341","CDAY",2022-03-24,"Sell"
"342","CDAY",2022-03-18,"Sell"
"343","CDAY",2022-03-23,"Buy"
"344","CDAY",2022-03-22,"Buy"
"345","CDNS",2022-03-22,"Buy"
"346","CDNS",2022-03-18,"Buy"
"347","CDNS",2022-03-23,"Sell"
"348","CDNS",2022-03-24,"Buy"
"349","CDW",2022-03-21,"Buy"
"350","CDW",2022-03-24,"Sell"
"351","CDW",2022-03-18,"Buy"
"352","CDW",2022-03-22,"Sell"
"353","CE",2022-03-23,"Sell"
"354","CE",2022-03-22,"Sell"
"355","CE",2022-03-24,"Buy"
"356","CE",2022-03-21,"Sell"
"357","CEG",2022-03-21,"Sell"
"358","CEG",2022-03-24,"Sell"
"359","CEG",2022-03-23,"Buy"
"360","CEG",2022-03-22,"Buy"
"361","CERN",2022-03-18,"Buy"
"362","CERN",2022-03-23,"Sell"
"363","CERN",2022-03-24,"Buy"
"364","CERN",2022-03-22,"Sell"
"365","CF",2022-03-21,"Sell"
"366","CF",2022-03-24,"Sell"
"367","CF",2022-03-23,"Sell"
"368","CF",2022-03-22,"Buy"
"369","CFG",2022-03-24,"Sell"
"370","CFG",2022-03-23,"Sell"
"371","CFG",2022-03-22,"Buy"
"372","CFG",2022-03-21,"Buy"
"373","CHD",2022-03-18,"Buy"
"374","CHD",2022-03-21,"Sell"
"375","CHD",2022-03-22,"Sell"
"376","CHD",2022-03-23,"Buy"
"377","CHRW",2022-03-24,"Buy"
"378","CHRW",2022-03-23,"Sell"
"379","CHRW",2022-03-21,"Buy"
"380","CHRW",2022-03-18,"Buy"
"381","CHTR",2022-03-18,"Buy"
"382","CHTR",2022-03-23,"Sell"
"383","CHTR",2022-03-22,"Buy"
"384","CHTR",2022-03-24,"Sell"
"385","CI",2022-03-24,"Sell"
"386","CI",2022-03-21,"Buy"
"387","CI",2022-03-22,"Sell"
"388","CI",2022-03-23,"Sell"
"389","CINF",2022-03-21,"Sell"
"390","CINF",2022-03-24,"Sell"
"391","CINF",2022-03-23,"Sell"
"392","CINF",2022-03-22,"Buy"
"393","CL",2022-03-24,"Sell"
"394","CL",2022-03-18,"Sell"
"395","CL",2022-03-22,"Buy"
"396","CL",2022-03-23,"Buy"
"397","CLX",2022-03-21,"Buy"
"398","CLX",2022-03-22,"Buy"
"399","CLX",2022-03-23,"Sell"
"400","CLX",2022-03-18,"Sell"
"401","CMA",2022-03-22,"Buy"
"402","CMA",2022-03-24,"Sell"
"403","CMA",2022-03-21,"Buy"
"404","CMA",2022-03-18,"Buy"
"405","CMCSA",2022-03-18,"Sell"
"406","CMCSA",2022-03-22,"Buy"
"407","CMCSA",2022-03-21,"Buy"
"408","CMCSA",2022-03-24,"Sell"
"409","CME",2022-03-18,"Buy"
"410","CME",2022-03-24,"Sell"
"411","CME",2022-03-23,"Sell"
"412","CME",2022-03-22,"Sell"
"413","CMG",2022-03-18,"Buy"
"414","CMG",2022-03-22,"Sell"
"415","CMG",2022-03-21,"Sell"
"416","CMG",2022-03-23,"Sell"
"417","CMI",2022-03-18,"Buy"
"418","CMI",2022-03-24,"Sell"
"419","CMI",2022-03-21,"Buy"
"420","CMI",2022-03-22,"Sell"
"421","CMS",2022-03-23,"Buy"
"422","CMS",2022-03-24,"Sell"
"423","CMS",2022-03-18,"Buy"
"424","CMS",2022-03-22,"Sell"
"425","CNC",2022-03-21,"Sell"
"426","CNC",2022-03-22,"Buy"
"427","CNC",2022-03-24,"Buy"
"428","CNC",2022-03-23,"Sell"
"429","CNP",2022-03-23,"Sell"
"430","CNP",2022-03-18,"Buy"
"431","CNP",2022-03-24,"Sell"
"432","CNP",2022-03-22,"Sell"
"433","COF",2022-03-21,"Sell"
"434","COF",2022-03-23,"Sell"
"435","COF",2022-03-22,"Sell"
"436","COF",2022-03-24,"Buy"
"437","COO",2022-03-21,"Buy"
"438","COO",2022-03-23,"Sell"
"439","COO",2022-03-18,"Buy"
"440","COO",2022-03-22,"Sell"
"441","COP",2022-03-21,"Buy"
"442","COP",2022-03-23,"Sell"
"443","COP",2022-03-18,"Buy"
"444","COP",2022-03-22,"Sell"
"445","COST",2022-03-21,"Buy"
"446","COST",2022-03-23,"Sell"
"447","COST",2022-03-18,"Buy"
"448","COST",2022-03-22,"Sell"
"449","CPB",2022-03-21,"Sell"
"450","CPB",2022-03-23,"Buy"
"451","CPB",2022-03-18,"Sell"
"452","CPB",2022-03-22,"Buy"
"453","CPRT",2022-03-24,"Sell"
"454","CPRT",2022-03-21,"Buy"
"455","CPRT",2022-03-23,"Sell"
"456","CPRT",2022-03-22,"Sell"
"457","CRL",2022-03-24,"Sell"
"458","CRL",2022-03-21,"Buy"
"459","CRL",2022-03-23,"Sell"
"460","CRL",2022-03-22,"Sell"
"461","CRM",2022-03-18,"Buy"
"462","CRM",2022-03-24,"Sell"
"463","CRM",2022-03-23,"Sell"
"464","CRM",2022-03-22,"Buy"
"465","CSCO",2022-03-18,"Buy"
"466","CSCO",2022-03-22,"Sell"
"467","CSCO",2022-03-21,"Sell"
"468","CSCO",2022-03-23,"Buy"
"469","CSX",2022-03-18,"Buy"
"470","CSX",2022-03-24,"Sell"
"471","CSX",2022-03-21,"Sell"
"472","CSX",2022-03-22,"Buy"
"473","CTAS",2022-03-23,"Sell"
"474","CTAS",2022-03-24,"Buy"
"475","CTAS",2022-03-18,"Buy"
"476","CTAS",2022-03-22,"Sell"
"477","CTLT",2022-03-21,"Buy"
"478","CTLT",2022-03-22,"Sell"
"479","CTLT",2022-03-18,"Buy"
"480","CTLT",2022-03-23,"Sell"
"481","CTRA",2022-03-21,"Sell"
"482","CTRA",2022-03-22,"Buy"
"483","CTRA",2022-03-24,"Sell"
"484","CTRA",2022-03-18,"Sell"
"485","CTSH",2022-03-18,"Buy"
"486","CTSH",2022-03-24,"Sell"
"487","CTSH",2022-03-23,"Sell"
"488","CTSH",2022-03-21,"Buy"
"489","CTVA",2022-03-18,"Buy"
"490","CTVA",2022-03-24,"Sell"
"491","CTVA",2022-03-23,"Sell"
"492","CTVA",2022-03-22,"Buy"
"493","CTXS",2022-03-22,"Buy"
"494","CTXS",2022-03-18,"Sell"
"495","CTXS",2022-03-21,"Buy"
"496","CTXS",2022-03-23,"Sell"
"497","CVS",2022-03-23,"Sell"
"498","CVS",2022-03-18,"Buy"
"499","CVS",2022-03-22,"Sell"
"500","CVS",2022-03-21,"Buy"
"501","CVX",2022-03-23,"Sell"
"502","CVX",2022-03-24,"Buy"
"503","CVX",2022-03-22,"Sell"
"504","CVX",2022-03-18,"Buy"
"505","CZR",2022-03-21,"Buy"
"506","CZR",2022-03-18,"Buy"
"507","CZR",2022-03-22,"Sell"
"508","CZR",2022-03-23,"Sell"
"509","D",2022-03-21,"Buy"
"510","D",2022-03-23,"Sell"
"511","D",2022-03-18,"Buy"
"512","D",2022-03-22,"Sell"
"513","DAL",2022-03-21,"Buy"
"514","DAL",2022-03-23,"Sell"
"515","DAL",2022-03-18,"Sell"
"516","DAL",2022-03-22,"Buy"
"517","DD",2022-03-22,"Buy"
"518","DD",2022-03-21,"Sell"
"519","DD",2022-03-23,"Buy"
"520","DD",2022-03-18,"Sell"
"521","DE",2022-03-22,"Buy"
"522","DE",2022-03-21,"Buy"
"523","DE",2022-03-23,"Sell"
"524","DE",2022-03-18,"Buy"
"525","DFS",2022-03-22,"Sell"
"526","DFS",2022-03-21,"Buy"
"527","DFS",2022-03-23,"Sell"
"528","DFS",2022-03-18,"Buy"
"529","DG",2022-03-22,"Sell"
"530","DG",2022-03-21,"Buy"
"531","DG",2022-03-23,"Sell"
"532","DG",2022-03-18,"Buy"
"533","DGX",2022-03-24,"Sell"
"534","DGX",2022-03-21,"Sell"
"535","DGX",2022-03-23,"Sell"
"536","DGX",2022-03-22,"Buy"
"537","DHI",2022-03-18,"Buy"
"538","DHI",2022-03-22,"Sell"
"539","DHI",2022-03-21,"Buy"
"540","DHI",2022-03-23,"Buy"
"541","DHR",2022-03-18,"Buy"
"542","DHR",2022-03-24,"Sell"
"543","DHR",2022-03-23,"Sell"
"544","DHR",2022-03-22,"Buy"
"545","DIS",2022-03-22,"Buy"
"546","DIS",2022-03-18,"Sell"
"547","DIS",2022-03-21,"Buy"
"548","DIS",2022-03-23,"Sell"
"549","DISCA",2022-03-23,"Buy"
"550","DISCA",2022-03-18,"Sell"
"551","DISCA",2022-03-22,"Buy"
"552","DISCA",2022-03-21,"Sell"
"553","DISCK",2022-03-23,"Sell"
"554","DISCK",2022-03-24,"Sell"
"555","DISCK",2022-03-22,"Buy"
"556","DISCK",2022-03-18,"Sell"
"557","DISH",2022-03-21,"Sell"
"558","DISH",2022-03-18,"Sell"
"559","DISH",2022-03-22,"Buy"
"560","DISH",2022-03-23,"Buy"
"561","DLR",2022-03-23,"Sell"
"562","DLR",2022-03-21,"Buy"
"563","DLR",2022-03-22,"Sell"
"564","DLR",2022-03-24,"Sell"
"565","DLTR",2022-03-23,"Sell"
"566","DLTR",2022-03-22,"Buy"
"567","DLTR",2022-03-18,"Buy"
"568","DLTR",2022-03-21,"Sell"
"569","DOV",2022-03-24,"Sell"
"570","DOV",2022-03-21,"Sell"
"571","DOV",2022-03-23,"Sell"
"572","DOV",2022-03-22,"Buy"
"573","DOW",2022-03-21,"Buy"
"574","DOW",2022-03-18,"Sell"
"575","DOW",2022-03-24,"Buy"
"576","DOW",2022-03-23,"Buy"
"577","DPZ",2022-03-18,"Buy"
"578","DPZ",2022-03-24,"Sell"
"579","DPZ",2022-03-23,"Sell"
"580","DPZ",2022-03-21,"Buy"
"581","DRE",2022-03-22,"Sell"
"582","DRE",2022-03-21,"Buy"
"583","DRE",2022-03-23,"Sell"
"584","DRE",2022-03-24,"Buy"
"585","DRI",2022-03-21,"Sell"
"586","DRI",2022-03-18,"Buy"
"587","DRI",2022-03-24,"Sell"
"588","DRI",2022-03-23,"Buy"
"589","DTE",2022-03-24,"Sell"
"590","DTE",2022-03-22,"Sell"
"591","DTE",2022-03-21,"Buy"
"592","DTE",2022-03-23,"Sell"
"593","DUK",2022-03-22,"Sell"
"594","DUK",2022-03-21,"Buy"
"595","DUK",2022-03-23,"Sell"
"596","DUK",2022-03-24,"Buy"
"597","DVA",2022-03-24,"Sell"
"598","DVA",2022-03-22,"Sell"
"599","DVA",2022-03-21,"Sell"
"600","DVA",2022-03-23,"Sell"
"601","DVN",2022-03-18,"Sell"
"602","DVN",2022-03-24,"Buy"
"603","DVN",2022-03-21,"Buy"
"604","DVN",2022-03-23,"Sell"
"605","DXC",2022-03-18,"Sell"
"606","DXC",2022-03-24,"Buy"
"607","DXC",2022-03-21,"Sell"
"608","DXC",2022-03-23,"Buy"
"609","DXCM",2022-03-18,"Buy"
"610","DXCM",2022-03-24,"Sell"
"611","DXCM",2022-03-21,"Buy"
"612","DXCM",2022-03-23,"Sell"
"613","EA",2022-03-18,"Sell"
"614","EA",2022-03-24,"Buy"
"615","EA",2022-03-21,"Sell"
"616","EA",2022-03-23,"Buy"
"617","EBAY",2022-03-22,"Sell"
"618","EBAY",2022-03-24,"Buy"
"619","EBAY",2022-03-21,"Buy"
"620","EBAY",2022-03-23,"Sell"
"621","ECL",2022-03-22,"Buy"
"622","ECL",2022-03-21,"Sell"
"623","ECL",2022-03-24,"Sell"
"624","ECL",2022-03-23,"Sell"
"625","ED",2022-03-22,"Sell"
"626","ED",2022-03-24,"Sell"
"627","ED",2022-03-21,"Buy"
"628","ED",2022-03-23,"Sell"
"629","EFX",2022-03-18,"Buy"
"630","EFX",2022-03-24,"Sell"
"631","EFX",2022-03-23,"Sell"
"632","EFX",2022-03-21,"Buy"
"633","EIX",2022-03-22,"Buy"
"634","EIX",2022-03-21,"Buy"
"635","EIX",2022-03-23,"Sell"
"636","EIX",2022-03-24,"Sell"
"637","EL",2022-03-21,"Buy"
"638","EL",2022-03-18,"Buy"
"639","EL",2022-03-24,"Sell"
"640","EL",2022-03-23,"Sell"
"641","EMN",2022-03-24,"Buy"
"642","EMN",2022-03-18,"Buy"
"643","EMN",2022-03-23,"Sell"
"644","EMN",2022-03-21,"Sell"
"645","EMR",2022-03-24,"Buy"
"646","EMR",2022-03-22,"Sell"
"647","EMR",2022-03-18,"Buy"
"648","EMR",2022-03-21,"Sell"
"649","ENPH",2022-03-18,"Buy"
"650","ENPH",2022-03-22,"Sell"
"651","ENPH",2022-03-21,"Sell"
"652","ENPH",2022-03-23,"Sell"
"653","EOG",2022-03-24,"Buy"
"654","EOG",2022-03-22,"Sell"
"655","EOG",2022-03-23,"Buy"
"656","EOG",2022-03-18,"Buy"
"657","EPAM",2022-03-22,"Sell"
"658","EPAM",2022-03-24,"Sell"
"659","EPAM",2022-03-21,"Buy"
"660","EPAM",2022-03-23,"Sell"
"661","EQIX",2022-03-18,"Buy"
"662","EQIX",2022-03-22,"Sell"
"663","EQIX",2022-03-23,"Sell"
"664","EQIX",2022-03-24,"Sell"
"665","EQR",2022-03-22,"Sell"
"666","EQR",2022-03-21,"Buy"
"667","EQR",2022-03-24,"Sell"
"668","EQR",2022-03-23,"Sell"
"669","ES",2022-03-21,"Sell"
"670","ES",2022-03-23,"Buy"
"671","ES",2022-03-24,"Buy"
"672","ES",2022-03-22,"Sell"
"673","ESS",2022-03-24,"Buy"
"674","ESS",2022-03-18,"Buy"
"675","ESS",2022-03-22,"Sell"
"676","ESS",2022-03-23,"Sell"
"677","ETN",2022-03-21,"Buy"
"678","ETN",2022-03-18,"Buy"
"679","ETN",2022-03-22,"Sell"
"680","ETN",2022-03-24,"Sell"
"681","ETR",2022-03-21,"Buy"
"682","ETR",2022-03-18,"Buy"
"683","ETR",2022-03-23,"Sell"
"684","ETR",2022-03-24,"Buy"
"685","ETSY",2022-03-22,"Sell"
"686","ETSY",2022-03-24,"Sell"
"687","ETSY",2022-03-21,"Buy"
"688","ETSY",2022-03-23,"Sell"
"689","EVRG",2022-03-22,"Sell"
"690","EVRG",2022-03-21,"Buy"
"691","EVRG",2022-03-24,"Sell"
"692","EVRG",2022-03-23,"Sell"
"693","EW",2022-03-23,"Sell"
"694","EW",2022-03-21,"Buy"
"695","EW",2022-03-22,"Sell"
"696","EW",2022-03-24,"Buy"
"697","EXC",2022-03-22,"Sell"
"698","EXC",2022-03-24,"Buy"
"699","EXC",2022-03-21,"Buy"
"700","EXC",2022-03-23,"Sell"
"701","EXPD",2022-03-22,"Sell"
"702","EXPD",2022-03-24,"Buy"
"703","EXPD",2022-03-21,"Buy"
"704","EXPD",2022-03-23,"Sell"
"705","EXPE",2022-03-18,"Buy"
"706","EXPE",2022-03-22,"Sell"
"707","EXPE",2022-03-24,"Buy"
"708","EXPE",2022-03-23,"Sell"
"709","EXR",2022-03-18,"Buy"
"710","EXR",2022-03-22,"Sell"
"711","EXR",2022-03-24,"Buy"
"712","EXR",2022-03-23,"Sell"
"713","F",2022-03-18,"Buy"
"714","F",2022-03-22,"Sell"
"715","F",2022-03-23,"Sell"
"716","F",2022-03-24,"Sell"
"717","FANG",2022-03-22,"Sell"
"718","FANG",2022-03-21,"Buy"
"719","FANG",2022-03-24,"Sell"
"720","FANG",2022-03-23,"Sell"
"721","FAST",2022-03-24,"Sell"
"722","FAST",2022-03-18,"Buy"
"723","FAST",2022-03-23,"Sell"
"724","FAST",2022-03-21,"Buy"
"725","FB",2022-03-18,"Sell"
"726","FB",2022-03-23,"Buy"
"727","FB",2022-03-21,"Buy"
"728","FB",2022-03-22,"Sell"
"729","FBHS",2022-03-24,"Sell"
"730","FBHS",2022-03-22,"Sell"
"731","FBHS",2022-03-23,"Sell"
"732","FBHS",2022-03-21,"Buy"
"733","FCX",2022-03-18,"Buy"
"734","FCX",2022-03-23,"Sell"
"735","FCX",2022-03-21,"Buy"
"736","FCX",2022-03-22,"Sell"
"737","FDS",2022-03-22,"Sell"
"738","FDS",2022-03-23,"Sell"
"739","FDS",2022-03-21,"Buy"
"740","FDS",2022-03-24,"Buy"
"741","FDX",2022-03-22,"Buy"
"742","FDX",2022-03-23,"Sell"
"743","FDX",2022-03-21,"Buy"
"744","FDX",2022-03-24,"Sell"
"745","FE",2022-03-22,"Sell"
"746","FE",2022-03-23,"Sell"
"747","FE",2022-03-21,"Buy"
"748","FE",2022-03-24,"Sell"
"749","FFIV",2022-03-21,"Buy"
"750","FFIV",2022-03-18,"Buy"
"751","FFIV",2022-03-23,"Sell"
"752","FFIV",2022-03-24,"Sell"
"753","FIS",2022-03-24,"Sell"
"754","FIS",2022-03-22,"Buy"
"755","FIS",2022-03-18,"Sell"
"756","FIS",2022-03-21,"Buy"
"757","FISV",2022-03-23,"Buy"
"758","FISV",2022-03-21,"Buy"
"759","FISV",2022-03-22,"Sell"
"760","FISV",2022-03-24,"Sell"
"761","FITB",2022-03-21,"Sell"
"762","FITB",2022-03-22,"Sell"
"763","FITB",2022-03-23,"Sell"
"764","FITB",2022-03-24,"Buy"
"765","FLT",2022-03-22,"Buy"
"766","FLT",2022-03-23,"Buy"
"767","FLT",2022-03-24,"Buy"
"768","FLT",2022-03-21,"Buy"
"769","FMC",2022-03-21,"Sell"
"770","FMC",2022-03-22,"Sell"
"771","FMC",2022-03-23,"Buy"
"772","FMC",2022-03-24,"Buy"
"773","FOX",2022-03-22,"Buy"
"774","FOX",2022-03-23,"Sell"
"775","FOX",2022-03-21,"Buy"
"776","FOX",2022-03-24,"Sell"
"777","FOXA",2022-03-18,"Buy"
"778","FOXA",2022-03-23,"Sell"
"779","FOXA",2022-03-24,"Sell"
"780","FOXA",2022-03-21,"Buy"
"781","FRC",2022-03-18,"Buy"
"782","FRC",2022-03-23,"Sell"
"783","FRC",2022-03-24,"Buy"
"784","FRC",2022-03-21,"Buy"
"785","FRT",2022-03-18,"Sell"
"786","FRT",2022-03-23,"Buy"
"787","FRT",2022-03-24,"Buy"
"788","FRT",2022-03-22,"Sell"
"789","FTNT",2022-03-22,"Sell"
"790","FTNT",2022-03-23,"Sell"
"791","FTNT",2022-03-21,"Buy"
"792","FTNT",2022-03-24,"Sell"
"793","FTV",2022-03-22,"Buy"
"794","FTV",2022-03-23,"Buy"
"795","FTV",2022-03-21,"Sell"
"796","FTV",2022-03-24,"Buy"
"797","GD",2022-03-22,"Sell"
"798","GD",2022-03-23,"Sell"
"799","GD",2022-03-21,"Sell"
"800","GD",2022-03-24,"Buy"
"801","GE",2022-03-24,"Sell"
"802","GE",2022-03-23,"Sell"
"803","GE",2022-03-21,"Sell"
"804","GE",2022-03-18,"Sell"
"805","GILD",2022-03-21,"Sell"
"806","GILD",2022-03-24,"Buy"
"807","GILD",2022-03-23,"Sell"
"808","GILD",2022-03-18,"Sell"
"809","GIS",2022-03-21,"Buy"
"810","GIS",2022-03-24,"Sell"
"811","GIS",2022-03-22,"Buy"
"812","GIS",2022-03-18,"Buy"
"813","GL",2022-03-21,"Buy"
"814","GL",2022-03-24,"Sell"
"815","GL",2022-03-18,"Buy"
"816","GL",2022-03-23,"Sell"
"817","GLW",2022-03-22,"Sell"
"818","GLW",2022-03-18,"Buy"
"819","GLW",2022-03-24,"Sell"
"820","GLW",2022-03-23,"Sell"
"821","GM",2022-03-21,"Buy"
"822","GM",2022-03-24,"Sell"
"823","GM",2022-03-18,"Sell"
"824","GM",2022-03-23,"Buy"
"825","GNRC",2022-03-18,"Buy"
"826","GNRC",2022-03-22,"Sell"
"827","GNRC",2022-03-24,"Buy"
"828","GNRC",2022-03-23,"Sell"
"829","GOOG",2022-03-22,"Buy"
"830","GOOG",2022-03-24,"Sell"
"831","GOOG",2022-03-23,"Sell"
"832","GOOG",2022-03-18,"Buy"
"833","GOOGL",2022-03-21,"Sell"
"834","GOOGL",2022-03-24,"Buy"
"835","GOOGL",2022-03-23,"Sell"
"836","GOOGL",2022-03-18,"Buy"
"837","GPC",2022-03-18,"Buy"
"838","GPC",2022-03-22,"Sell"
"839","GPC",2022-03-24,"Buy"
"840","GPC",2022-03-23,"Sell"
"841","GPN",2022-03-18,"Sell"
"842","GPN",2022-03-21,"Buy"
"843","GPN",2022-03-24,"Sell"
"844","GPN",2022-03-23,"Sell"
"845","GRMN",2022-03-18,"Buy"
"846","GRMN",2022-03-23,"Sell"
"847","GRMN",2022-03-22,"Sell"
"848","GRMN",2022-03-24,"Buy"
"849","GS",2022-03-18,"Buy"
"850","GS",2022-03-21,"Sell"
"851","GS",2022-03-22,"Sell"
"852","GS",2022-03-23,"Sell"
"853","GWW",2022-03-24,"Sell"
"854","GWW",2022-03-18,"Buy"
"855","GWW",2022-03-21,"Sell"
"856","GWW",2022-03-23,"Sell"
"857","HAL",2022-03-24,"Sell"
"858","HAL",2022-03-18,"Sell"
"859","HAL",2022-03-21,"Buy"
"860","HAL",2022-03-23,"Buy"
"861","HAS",2022-03-24,"Sell"
"862","HAS",2022-03-18,"Sell"
"863","HAS",2022-03-21,"Buy"
"864","HAS",2022-03-23,"Sell"
"865","HBAN",2022-03-21,"Buy"
"866","HBAN",2022-03-24,"Sell"
"867","HBAN",2022-03-18,"Buy"
"868","HBAN",2022-03-23,"Sell"
"869","HCA",2022-03-24,"Buy"
"870","HCA",2022-03-18,"Buy"
"871","HCA",2022-03-21,"Sell"
"872","HCA",2022-03-23,"Sell"
"873","HD",2022-03-21,"Buy"
"874","HD",2022-03-18,"Buy"
"875","HD",2022-03-24,"Sell"
"876","HD",2022-03-23,"Sell"
"877","HES",2022-03-22,"Sell"
"878","HES",2022-03-24,"Buy"
"879","HES",2022-03-18,"Buy"
"880","HES",2022-03-23,"Sell"
"881","HIG",2022-03-22,"Buy"
"882","HIG",2022-03-24,"Buy"
"883","HIG",2022-03-18,"Buy"
"884","HIG",2022-03-23,"Sell"
"885","HII",2022-03-22,"Sell"
"886","HII",2022-03-21,"Sell"
"887","HII",2022-03-18,"Sell"
"888","HII",2022-03-24,"Buy"
"889","HLT",2022-03-23,"Buy"
"890","HLT",2022-03-24,"Buy"
"891","HLT",2022-03-18,"Buy"
"892","HLT",2022-03-21,"Sell"
"893","HOLX",2022-03-23,"Sell"
"894","HOLX",2022-03-24,"Buy"
"895","HOLX",2022-03-18,"Buy"
"896","HOLX",2022-03-22,"Sell"
"897","HON",2022-03-24,"Sell"
"898","HON",2022-03-23,"Sell"
"899","HON",2022-03-22,"Buy"
"900","HON",2022-03-21,"Buy"
"901","HPE",2022-03-23,"Sell"
"902","HPE",2022-03-22,"Buy"
"903","HPE",2022-03-24,"Sell"
"904","HPE",2022-03-21,"Buy"
"905","HPQ",2022-03-21,"Buy"
"906","HPQ",2022-03-18,"Buy"
"907","HPQ",2022-03-24,"Sell"
"908","HPQ",2022-03-22,"Sell"
"909","HRL",2022-03-18,"Buy"
"910","HRL",2022-03-21,"Sell"
"911","HRL",2022-03-22,"Sell"
"912","HRL",2022-03-24,"Sell"
"913","HSIC",2022-03-21,"Sell"
"914","HSIC",2022-03-23,"Sell"
"915","HSIC",2022-03-22,"Buy"
"916","HSIC",2022-03-24,"Buy"
"917","HST",2022-03-18,"Sell"
"918","HST",2022-03-21,"Buy"
"919","HST",2022-03-22,"Buy"
"920","HST",2022-03-24,"Sell"
"921","HSY",2022-03-18,"Buy"
"922","HSY",2022-03-24,"Sell"
"923","HSY",2022-03-23,"Sell"
"924","HSY",2022-03-22,"Buy"
"925","HUM",2022-03-18,"Buy"
"926","HUM",2022-03-24,"Sell"
"927","HUM",2022-03-21,"Sell"
"928","HUM",2022-03-22,"Buy"
"929","HWM",2022-03-18,"Buy"
"930","HWM",2022-03-24,"Sell"
"931","HWM",2022-03-21,"Sell"
"932","HWM",2022-03-22,"Sell"
"933","IBM",2022-03-18,"Sell"
"934","IBM",2022-03-24,"Buy"
"935","IBM",2022-03-21,"Buy"
"936","IBM",2022-03-22,"Sell"
"937","ICE",2022-03-22,"Sell"
"938","ICE",2022-03-18,"Buy"
"939","ICE",2022-03-23,"Sell"
"940","ICE",2022-03-24,"Buy"
"941","IDXX",2022-03-23,"Sell"
"942","IDXX",2022-03-22,"Buy"
"943","IDXX",2022-03-24,"Buy"
"944","IDXX",2022-03-21,"Buy"
"945","IEX",2022-03-23,"Sell"
"946","IEX",2022-03-22,"Buy"
"947","IEX",2022-03-18,"Buy"
"948","IEX",2022-03-24,"Sell"
"949","IFF",2022-03-24,"Buy"
"950","IFF",2022-03-23,"Sell"
"951","IFF",2022-03-22,"Buy"
"952","IFF",2022-03-21,"Buy"
"953","ILMN",2022-03-23,"Buy"
"954","ILMN",2022-03-22,"Buy"
"955","ILMN",2022-03-24,"Sell"
"956","ILMN",2022-03-21,"Buy"
"957","INCY",2022-03-21,"Sell"
"958","INCY",2022-03-18,"Sell"
"959","INCY",2022-03-24,"Buy"
"960","INCY",2022-03-22,"Sell"
"961","INTC",2022-03-24,"Sell"
"962","INTC",2022-03-18,"Sell"
"963","INTC",2022-03-22,"Buy"
"964","INTC",2022-03-21,"Buy"
"965","INTU",2022-03-21,"Sell"
"966","INTU",2022-03-23,"Sell"
"967","INTU",2022-03-18,"Buy"
"968","INTU",2022-03-24,"Sell"
"969","IP",2022-03-22,"Sell"
"970","IP",2022-03-21,"Sell"
"971","IP",2022-03-18,"Sell"
"972","IP",2022-03-23,"Buy"
"973","IPG",2022-03-21,"Sell"
"974","IPG",2022-03-23,"Sell"
"975","IPG",2022-03-24,"Buy"
"976","IPG",2022-03-22,"Sell"
"977","IPGP",2022-03-24,"Sell"
"978","IPGP",2022-03-23,"Buy"
"979","IPGP",2022-03-18,"Sell"
"980","IPGP",2022-03-21,"Buy"
"981","IQV",2022-03-22,"Sell"
"982","IQV",2022-03-23,"Sell"
"983","IQV",2022-03-24,"Buy"
"984","IQV",2022-03-21,"Buy"
"985","IR",2022-03-18,"Buy"
"986","IR",2022-03-21,"Sell"
"987","IR",2022-03-22,"Sell"
"988","IR",2022-03-24,"Buy"
"989","IRM",2022-03-24,"Buy"
"990","IRM",2022-03-21,"Sell"
"991","IRM",2022-03-18,"Buy"
"992","IRM",2022-03-22,"Sell"
"993","ISRG",2022-03-22,"Sell"
"994","ISRG",2022-03-21,"Buy"
"995","ISRG",2022-03-23,"Sell"
"996","ISRG",2022-03-24,"Buy"
"997","IT",2022-03-18,"Buy"
"998","IT",2022-03-24,"Sell"
"999","IT",2022-03-21,"Buy"
"1000","IT",2022-03-22,"Sell"
"1001","ITW",2022-03-18,"Buy"
"1002","ITW",2022-03-22,"Sell"
"1003","ITW",2022-03-24,"Buy"
"1004","ITW",2022-03-23,"Sell"
"1005","IVZ",2022-03-18,"Sell"
"1006","IVZ",2022-03-22,"Buy"
"1007","IVZ",2022-03-24,"Buy"
"1008","IVZ",2022-03-21,"Sell"
"1009","J",2022-03-18,"Buy"
"1010","J",2022-03-22,"Sell"
"1011","J",2022-03-24,"Buy"
"1012","J",2022-03-21,"Buy"
"1013","JBHT",2022-03-18,"Buy"
"1014","JBHT",2022-03-22,"Sell"
"1015","JBHT",2022-03-24,"Sell"
"1016","JBHT",2022-03-21,"Buy"
"1017","JCI",2022-03-18,"Buy"
"1018","JCI",2022-03-22,"Sell"
"1019","JCI",2022-03-24,"Buy"
"1020","JCI",2022-03-23,"Sell"
"1021","JKHY",2022-03-23,"Buy"
"1022","JKHY",2022-03-18,"Buy"
"1023","JKHY",2022-03-24,"Sell"
"1024","JKHY",2022-03-21,"Sell"
"1025","JNJ",2022-03-21,"Sell"
"1026","JNJ",2022-03-23,"Sell"
"1027","JNJ",2022-03-22,"Sell"
"1028","JNJ",2022-03-24,"Buy"
"1029","JNPR",2022-03-24,"Buy"
"1030","JNPR",2022-03-23,"Sell"
"1031","JNPR",2022-03-18,"Buy"
"1032","JNPR",2022-03-21,"Sell"
"1033","JPM",2022-03-22,"Sell"
"1034","JPM",2022-03-23,"Sell"
"1035","JPM",2022-03-24,"Buy"
"1036","JPM",2022-03-21,"Buy"
"1037","K",2022-03-18,"Sell"
"1038","K",2022-03-21,"Buy"
"1039","K",2022-03-22,"Buy"
"1040","K",2022-03-24,"Sell"
"1041","KEY",2022-03-24,"Buy"
"1042","KEY",2022-03-21,"Buy"
"1043","KEY",2022-03-18,"Buy"
"1044","KEY",2022-03-22,"Sell"
"1045","KEYS",2022-03-18,"Buy"
"1046","KEYS",2022-03-21,"Sell"
"1047","KEYS",2022-03-23,"Sell"
"1048","KEYS",2022-03-24,"Buy"
"1049","KHC",2022-03-24,"Buy"
"1050","KHC",2022-03-23,"Buy"
"1051","KHC",2022-03-22,"Sell"
"1052","KHC",2022-03-18,"Sell"
"1053","KIM",2022-03-24,"Buy"
"1054","KIM",2022-03-21,"Buy"
"1055","KIM",2022-03-23,"Sell"
"1056","KIM",2022-03-22,"Buy"
"1057","KLAC",2022-03-22,"Sell"
"1058","KLAC",2022-03-24,"Buy"
"1059","KLAC",2022-03-18,"Buy"
"1060","KLAC",2022-03-21,"Sell"
"1061","KMB",2022-03-18,"Sell"
"1062","KMB",2022-03-24,"Buy"
"1063","KMB",2022-03-23,"Buy"
"1064","KMB",2022-03-21,"Sell"
"1065","KMI",2022-03-18,"Sell"
"1066","KMI",2022-03-22,"Buy"
"1067","KMI",2022-03-21,"Sell"
"1068","KMI",2022-03-24,"Buy"
"1069","KMX",2022-03-22,"Buy"
"1070","KMX",2022-03-21,"Buy"
"1071","KMX",2022-03-18,"Buy"
"1072","KMX",2022-03-24,"Sell"
"1073","KO",2022-03-24,"Sell"
"1074","KO",2022-03-22,"Sell"
"1075","KO",2022-03-21,"Buy"
"1076","KO",2022-03-23,"Sell"
"1077","KR",2022-03-18,"Buy"
"1078","KR",2022-03-22,"Sell"
"1079","KR",2022-03-21,"Buy"
"1080","KR",2022-03-24,"Sell"
"1081","L",2022-03-21,"Sell"
"1082","L",2022-03-24,"Sell"
"1083","L",2022-03-22,"Buy"
"1084","L",2022-03-23,"Sell"
"1085","LDOS",2022-03-23,"Sell"
"1086","LDOS",2022-03-18,"Buy"
"1087","LDOS",2022-03-24,"Sell"
"1088","LDOS",2022-03-21,"Buy"
"1089","LEN",2022-03-23,"Buy"
"1090","LEN",2022-03-18,"Buy"
"1091","LEN",2022-03-24,"Sell"
"1092","LEN",2022-03-21,"Buy"
"1093","LH",2022-03-23,"Buy"
"1094","LH",2022-03-18,"Buy"
"1095","LH",2022-03-24,"Sell"
"1096","LH",2022-03-21,"Buy"
"1097","LHX",2022-03-21,"Buy"
"1098","LHX",2022-03-18,"Buy"
"1099","LHX",2022-03-24,"Sell"
"1100","LHX",2022-03-23,"Sell"
"1101","LIN",2022-03-22,"Sell"
"1102","LIN",2022-03-23,"Buy"
"1103","LIN",2022-03-24,"Buy"
"1104","LIN",2022-03-21,"Buy"
"1105","LKQ",2022-03-22,"Sell"
"1106","LKQ",2022-03-21,"Buy"
"1107","LKQ",2022-03-23,"Sell"
"1108","LKQ",2022-03-24,"Buy"
"1109","LLY",2022-03-22,"Sell"
"1110","LLY",2022-03-23,"Sell"
"1111","LLY",2022-03-24,"Buy"
"1112","LLY",2022-03-21,"Buy"
"1113","LMT",2022-03-18,"Buy"
"1114","LMT",2022-03-24,"Sell"
"1115","LMT",2022-03-23,"Sell"
"1116","LMT",2022-03-21,"Buy"
"1117","LNC",2022-03-18,"Sell"
"1118","LNC",2022-03-22,"Buy"
"1119","LNC",2022-03-21,"Sell"
"1120","LNC",2022-03-24,"Buy"
"1121","LNT",2022-03-22,"Sell"
"1122","LNT",2022-03-21,"Buy"
"1123","LNT",2022-03-18,"Buy"
"1124","LNT",2022-03-24,"Sell"
"1125","LOW",2022-03-24,"Buy"
"1126","LOW",2022-03-18,"Buy"
"1127","LOW",2022-03-21,"Sell"
"1128","LOW",2022-03-23,"Sell"
"1129","LRCX",2022-03-24,"Buy"
"1130","LRCX",2022-03-18,"Buy"
"1131","LRCX",2022-03-21,"Sell"
"1132","LRCX",2022-03-22,"Sell"
"1133","LUMN",2022-03-24,"Buy"
"1134","LUMN",2022-03-23,"Buy"
"1135","LUMN",2022-03-22,"Buy"
"1136","LUMN",2022-03-21,"Buy"
"1137","LUV",2022-03-24,"Buy"
"1138","LUV",2022-03-18,"Sell"
"1139","LUV",2022-03-22,"Buy"
"1140","LUV",2022-03-23,"Sell"
"1141","LVS",2022-03-24,"Sell"
"1142","LVS",2022-03-18,"Sell"
"1143","LVS",2022-03-22,"Buy"
"1144","LVS",2022-03-23,"Sell"
"1145","LW",2022-03-18,"Sell"
"1146","LW",2022-03-24,"Buy"
"1147","LW",2022-03-23,"Buy"
"1148","LW",2022-03-22,"Buy"
"1149","LYB",2022-03-23,"Sell"
"1150","LYB",2022-03-24,"Sell"
"1151","LYB",2022-03-18,"Sell"
"1152","LYB",2022-03-22,"Buy"
"1153","LYV",2022-03-24,"Buy"
"1154","LYV",2022-03-18,"Buy"
"1155","LYV",2022-03-23,"Sell"
"1156","LYV",2022-03-22,"Buy"
"1157","MA",2022-03-23,"Buy"
"1158","MA",2022-03-24,"Buy"
"1159","MA",2022-03-18,"Buy"
"1160","MA",2022-03-22,"Sell"
"1161","MAA",2022-03-23,"Sell"
"1162","MAA",2022-03-24,"Buy"
"1163","MAA",2022-03-18,"Buy"
"1164","MAA",2022-03-22,"Sell"
"1165","MAR",2022-03-23,"Sell"
"1166","MAR",2022-03-24,"Buy"
"1167","MAR",2022-03-18,"Buy"
"1168","MAR",2022-03-22,"Sell"
"1169","MAS",2022-03-22,"Sell"
"1170","MAS",2022-03-23,"Sell"
"1171","MAS",2022-03-24,"Buy"
"1172","MAS",2022-03-18,"Buy"
"1173","MCD",2022-03-22,"Sell"
"1174","MCD",2022-03-21,"Buy"
"1175","MCD",2022-03-24,"Sell"
"1176","MCD",2022-03-23,"Sell"
"1177","MCHP",2022-03-18,"Buy"
"1178","MCHP",2022-03-23,"Sell"
"1179","MCHP",2022-03-24,"Buy"
"1180","MCHP",2022-03-22,"Sell"
"1181","MCK",2022-03-18,"Buy"
"1182","MCK",2022-03-22,"Sell"
"1183","MCK",2022-03-24,"Sell"
"1184","MCK",2022-03-23,"Sell"
"1185","MCO",2022-03-21,"Sell"
"1186","MCO",2022-03-18,"Buy"
"1187","MCO",2022-03-23,"Sell"
"1188","MCO",2022-03-22,"Sell"
"1189","MDLZ",2022-03-21,"Buy"
"1190","MDLZ",2022-03-18,"Buy"
"1191","MDLZ",2022-03-22,"Sell"
"1192","MDLZ",2022-03-23,"Sell"
"1193","MDT",2022-03-18,"Sell"
"1194","MDT",2022-03-22,"Buy"
"1195","MDT",2022-03-24,"Sell"
"1196","MDT",2022-03-23,"Sell"
"1197","MET",2022-03-24,"Sell"
"1198","MET",2022-03-18,"Buy"
"1199","MET",2022-03-23,"Sell"
"1200","MET",2022-03-22,"Sell"
"1201","MGM",2022-03-18,"Buy"
"1202","MGM",2022-03-24,"Sell"
"1203","MGM",2022-03-22,"Buy"
"1204","MGM",2022-03-23,"Sell"
"1205","MHK",2022-03-24,"Buy"
"1206","MHK",2022-03-18,"Sell"
"1207","MHK",2022-03-23,"Buy"
"1208","MHK",2022-03-22,"Sell"
"1209","MKC",2022-03-22,"Sell"
"1210","MKC",2022-03-18,"Buy"
"1211","MKC",2022-03-23,"Sell"
"1212","MKC",2022-03-21,"Buy"
"1213","MKTX",2022-03-21,"Buy"
"1214","MKTX",2022-03-18,"Sell"
"1215","MKTX",2022-03-23,"Buy"
"1216","MKTX",2022-03-22,"Buy"
"1217","MLM",2022-03-23,"Sell"
"1218","MLM",2022-03-21,"Buy"
"1219","MLM",2022-03-18,"Buy"
"1220","MLM",2022-03-22,"Sell"
"1221","MMC",2022-03-23,"Sell"
"1222","MMC",2022-03-21,"Buy"
"1223","MMC",2022-03-22,"Sell"
"1224","MMC",2022-03-24,"Buy"
"1225","MMM",2022-03-23,"Buy"
"1226","MMM",2022-03-21,"Sell"
"1227","MMM",2022-03-22,"Buy"
"1228","MMM",2022-03-24,"Buy"
"1229","MNST",2022-03-23,"Sell"
"1230","MNST",2022-03-21,"Buy"
"1231","MNST",2022-03-22,"Sell"
"1232","MNST",2022-03-24,"Sell"
"1233","MO",2022-03-18,"Sell"
"1234","MO",2022-03-21,"Buy"
"1235","MO",2022-03-24,"Buy"
"1236","MO",2022-03-23,"Buy"
"1237","MOH",2022-03-18,"Buy"
"1238","MOH",2022-03-21,"Sell"
"1239","MOH",2022-03-24,"Sell"
"1240","MOH",2022-03-22,"Sell"
"1241","MOS",2022-03-18,"Buy"
"1242","MOS",2022-03-21,"Sell"
"1243","MOS",2022-03-24,"Sell"
"1244","MOS",2022-03-22,"Sell"
"1245","MPC",2022-03-23,"Sell"
"1246","MPC",2022-03-21,"Buy"
"1247","MPC",2022-03-22,"Sell"
"1248","MPC",2022-03-24,"Buy"
"1249","MPWR",2022-03-21,"Sell"
"1250","MPWR",2022-03-22,"Buy"
"1251","MPWR",2022-03-23,"Sell"
"1252","MPWR",2022-03-24,"Buy"
"1253","MRK",2022-03-18,"Buy"
"1254","MRK",2022-03-21,"Sell"
"1255","MRK",2022-03-22,"Sell"
"1256","MRK",2022-03-24,"Buy"
"1257","MRNA",2022-03-21,"Buy"
"1258","MRNA",2022-03-22,"Sell"
"1259","MRNA",2022-03-23,"Sell"
"1260","MRNA",2022-03-24,"Buy"
"1261","MRO",2022-03-22,"Buy"
"1262","MRO",2022-03-23,"Sell"
"1263","MRO",2022-03-21,"Sell"
"1264","MRO",2022-03-24,"Sell"
"1265","MS",2022-03-24,"Buy"
"1266","MS",2022-03-22,"Sell"
"1267","MS",2022-03-18,"Buy"
"1268","MS",2022-03-21,"Sell"
"1269","MSCI",2022-03-21,"Sell"
"1270","MSCI",2022-03-24,"Sell"
"1271","MSCI",2022-03-23,"Sell"
"1272","MSCI",2022-03-22,"Buy"
"1273","MSFT",2022-03-23,"Sell"
"1274","MSFT",2022-03-21,"Buy"
"1275","MSFT",2022-03-22,"Sell"
"1276","MSFT",2022-03-24,"Buy"
"1277","MSI",2022-03-23,"Sell"
"1278","MSI",2022-03-21,"Buy"
"1279","MSI",2022-03-22,"Sell"
"1280","MSI",2022-03-24,"Buy"
"1281","MTB",2022-03-23,"Sell"
"1282","MTB",2022-03-21,"Buy"
"1283","MTB",2022-03-22,"Sell"
"1284","MTB",2022-03-24,"Buy"
"1285","MTCH",2022-03-23,"Sell"
"1286","MTCH",2022-03-21,"Buy"
"1287","MTCH",2022-03-24,"Sell"
"1288","MTCH",2022-03-18,"Buy"
"1289","MTD",2022-03-21,"Sell"
"1290","MTD",2022-03-22,"Buy"
"1291","MTD",2022-03-18,"Buy"
"1292","MTD",2022-03-24,"Sell"
"1293","MU",2022-03-23,"Buy"
"1294","MU",2022-03-21,"Buy"
"1295","MU",2022-03-24,"Sell"
"1296","MU",2022-03-18,"Buy"
"1297","NCLH",2022-03-21,"Sell"
"1298","NCLH",2022-03-24,"Sell"
"1299","NCLH",2022-03-18,"Sell"
"1300","NCLH",2022-03-22,"Buy"
"1301","NDAQ",2022-03-18,"Buy"
"1302","NDAQ",2022-03-23,"Sell"
"1303","NDAQ",2022-03-22,"Buy"
"1304","NDAQ",2022-03-24,"Buy"
"1305","NDSN",2022-03-21,"Sell"
"1306","NDSN",2022-03-22,"Sell"
"1307","NDSN",2022-03-24,"Buy"
"1308","NDSN",2022-03-23,"Sell"
"1309","NEE",2022-03-18,"Buy"
"1310","NEE",2022-03-22,"Sell"
"1311","NEE",2022-03-24,"Buy"
"1312","NEE",2022-03-23,"Sell"
"1313","NEM",2022-03-18,"Buy"
"1314","NEM",2022-03-22,"Sell"
"1315","NEM",2022-03-24,"Buy"
"1316","NEM",2022-03-23,"Sell"
"1317","NFLX",2022-03-23,"Sell"
"1318","NFLX",2022-03-18,"Sell"
"1319","NFLX",2022-03-22,"Buy"
"1320","NFLX",2022-03-24,"Sell"
"1321","NI",2022-03-23,"Sell"
"1322","NI",2022-03-18,"Buy"
"1323","NI",2022-03-22,"Sell"
"1324","NI",2022-03-24,"Sell"
"1325","NKE",2022-03-22,"Sell"
"1326","NKE",2022-03-23,"Sell"
"1327","NKE",2022-03-21,"Buy"
"1328","NKE",2022-03-24,"Sell"
"1329","NLOK",2022-03-18,"Sell"
"1330","NLOK",2022-03-23,"Buy"
"1331","NLOK",2022-03-22,"Buy"
"1332","NLOK",2022-03-24,"Sell"
"1333","NLSN",2022-03-23,"Buy"
"1334","NLSN",2022-03-18,"Sell"
"1335","NLSN",2022-03-22,"Buy"
"1336","NLSN",2022-03-24,"Sell"
"1337","NOC",2022-03-21,"Sell"
"1338","NOC",2022-03-24,"Buy"
"1339","NOC",2022-03-23,"Sell"
"1340","NOC",2022-03-22,"Buy"
"1341","NOW",2022-03-22,"Sell"
"1342","NOW",2022-03-24,"Buy"
"1343","NOW",2022-03-23,"Sell"
"1344","NOW",2022-03-21,"Buy"
"1345","NRG",2022-03-22,"Buy"
"1346","NRG",2022-03-24,"Sell"
"1347","NRG",2022-03-18,"Sell"
"1348","NRG",2022-03-23,"Buy"
"1349","NSC",2022-03-18,"Buy"
"1350","NSC",2022-03-21,"Sell"
"1351","NSC",2022-03-23,"Sell"
"1352","NSC",2022-03-24,"Buy"
"1353","NTAP",2022-03-18,"Buy"
"1354","NTAP",2022-03-23,"Sell"
"1355","NTAP",2022-03-22,"Buy"
"1356","NTAP",2022-03-24,"Sell"
"1357","NTRS",2022-03-21,"Sell"
"1358","NTRS",2022-03-22,"Sell"
"1359","NTRS",2022-03-24,"Buy"
"1360","NTRS",2022-03-23,"Sell"
"1361","NUE",2022-03-23,"Sell"
"1362","NUE",2022-03-18,"Buy"
"1363","NUE",2022-03-22,"Sell"
"1364","NUE",2022-03-24,"Sell"
"1365","NVDA",2022-03-21,"Sell"
"1366","NVDA",2022-03-22,"Sell"
"1367","NVDA",2022-03-18,"Buy"
"1368","NVDA",2022-03-23,"Sell"
"1369","NVR",2022-03-23,"Buy"
"1370","NVR",2022-03-22,"Sell"
"1371","NVR",2022-03-24,"Buy"
"1372","NVR",2022-03-18,"Buy"
"1373","NWL",2022-03-24,"Sell"
"1374","NWL",2022-03-22,"Buy"
"1375","NWL",2022-03-18,"Sell"
"1376","NWL",2022-03-21,"Buy"
"1377","NWS",2022-03-21,"Buy"
"1378","NWS",2022-03-24,"Buy"
"1379","NWS",2022-03-18,"Buy"
"1380","NWS",2022-03-22,"Sell"
"1381","NWSA",2022-03-18,"Buy"
"1382","NWSA",2022-03-24,"Sell"
"1383","NWSA",2022-03-23,"Sell"
"1384","NWSA",2022-03-22,"Buy"
"1385","NXPI",2022-03-21,"Sell"
"1386","NXPI",2022-03-23,"Buy"
"1387","NXPI",2022-03-22,"Sell"
"1388","NXPI",2022-03-24,"Buy"
"1389","O",2022-03-21,"Buy"
"1390","O",2022-03-18,"Buy"
"1391","O",2022-03-24,"Sell"
"1392","O",2022-03-22,"Buy"
"1393","ODFL",2022-03-23,"Sell"
"1394","ODFL",2022-03-18,"Buy"
"1395","ODFL",2022-03-22,"Sell"
"1396","ODFL",2022-03-24,"Buy"
"1397","OGN",2022-03-18,"Sell"
"1398","OGN",2022-03-23,"Buy"
"1399","OGN",2022-03-22,"Buy"
"1400","OGN",2022-03-24,"Sell"
"1401","OKE",2022-03-23,"Sell"
"1402","OKE",2022-03-18,"Buy"
"1403","OKE",2022-03-22,"Sell"
"1404","OKE",2022-03-24,"Sell"
"1405","OMC",2022-03-23,"Sell"
"1406","OMC",2022-03-18,"Buy"
"1407","OMC",2022-03-24,"Sell"
"1408","OMC",2022-03-22,"Buy"
"1409","ORCL",2022-03-23,"Sell"
"1410","ORCL",2022-03-18,"Buy"
"1411","ORCL",2022-03-24,"Sell"
"1412","ORCL",2022-03-22,"Sell"
"1413","ORLY",2022-03-23,"Buy"
"1414","ORLY",2022-03-18,"Buy"
"1415","ORLY",2022-03-24,"Sell"
"1416","ORLY",2022-03-22,"Sell"
"1417","OTIS",2022-03-23,"Sell"
"1418","OTIS",2022-03-18,"Sell"
"1419","OTIS",2022-03-24,"Buy"
"1420","OTIS",2022-03-22,"Buy"
"1421","OXY",2022-03-23,"Buy"
"1422","OXY",2022-03-22,"Buy"
"1423","OXY",2022-03-18,"Sell"
"1424","OXY",2022-03-24,"Buy"
"1425","PARA",2022-03-21,"Buy"
"1426","PARA",2022-03-23,"Buy"
"1427","PARA",2022-03-22,"Sell"
"1428","PARA",2022-03-24,"Buy"
"1429","PAYC",2022-03-23,"Sell"
"1430","PAYC",2022-03-22,"Buy"
"1431","PAYC",2022-03-18,"Buy"
"1432","PAYC",2022-03-24,"Sell"
"1433","PAYX",2022-03-18,"Buy"
"1434","PAYX",2022-03-24,"Sell"
"1435","PAYX",2022-03-23,"Sell"
"1436","PAYX",2022-03-22,"Sell"
"1437","PBCT",2022-03-21,"Sell"
"1438","PBCT",2022-03-23,"Sell"
"1439","PBCT",2022-03-22,"Sell"
"1440","PBCT",2022-03-24,"Buy"
"1441","PCAR",2022-03-21,"Buy"
"1442","PCAR",2022-03-18,"Buy"
"1443","PCAR",2022-03-24,"Sell"
"1444","PCAR",2022-03-22,"Sell"
"1445","PEAK",2022-03-18,"Sell"
"1446","PEAK",2022-03-24,"Buy"
"1447","PEAK",2022-03-23,"Buy"
"1448","PEAK",2022-03-22,"Sell"
"1449","PEG",2022-03-21,"Buy"
"1450","PEG",2022-03-23,"Sell"
"1451","PEG",2022-03-18,"Buy"
"1452","PEG",2022-03-24,"Sell"
"1453","PENN",2022-03-24,"Buy"
"1454","PENN",2022-03-22,"Buy"
"1455","PENN",2022-03-21,"Buy"
"1456","PENN",2022-03-18,"Buy"
"1457","PEP",2022-03-22,"Sell"
"1458","PEP",2022-03-23,"Sell"
"1459","PEP",2022-03-21,"Buy"
"1460","PEP",2022-03-24,"Sell"
"1461","PFE",2022-03-22,"Sell"
"1462","PFE",2022-03-24,"Sell"
"1463","PFE",2022-03-23,"Sell"
"1464","PFE",2022-03-18,"Buy"
"1465","PFG",2022-03-22,"Sell"
"1466","PFG",2022-03-18,"Buy"
"1467","PFG",2022-03-21,"Sell"
"1468","PFG",2022-03-23,"Sell"
"1469","PG",2022-03-22,"Sell"
"1470","PG",2022-03-24,"Buy"
"1471","PG",2022-03-21,"Buy"
"1472","PG",2022-03-18,"Buy"
"1473","PGR",2022-03-23,"Sell"
"1474","PGR",2022-03-24,"Buy"
"1475","PGR",2022-03-22,"Sell"
"1476","PGR",2022-03-18,"Buy"
"1477","PH",2022-03-21,"Buy"
"1478","PH",2022-03-18,"Buy"
"1479","PH",2022-03-24,"Sell"
"1480","PH",2022-03-23,"Sell"
"1481","PHM",2022-03-23,"Buy"
"1482","PHM",2022-03-22,"Sell"
"1483","PHM",2022-03-24,"Buy"
"1484","PHM",2022-03-18,"Buy"
"1485","PKG",2022-03-21,"Buy"
"1486","PKG",2022-03-23,"Sell"
"1487","PKG",2022-03-18,"Buy"
"1488","PKG",2022-03-24,"Sell"
"1489","PKI",2022-03-21,"Sell"
"1490","PKI",2022-03-23,"Buy"
"1491","PKI",2022-03-22,"Buy"
"1492","PKI",2022-03-18,"Buy"
"1493","PLD",2022-03-21,"Buy"
"1494","PLD",2022-03-23,"Sell"
"1495","PLD",2022-03-22,"Buy"
"1496","PLD",2022-03-18,"Buy"
"1497","PM",2022-03-21,"Buy"
"1498","PM",2022-03-23,"Sell"
"1499","PM",2022-03-22,"Buy"
"1500","PM",2022-03-18,"Sell"
"1501","PNC",2022-03-21,"Buy"
"1502","PNC",2022-03-23,"Sell"
"1503","PNC",2022-03-22,"Buy"
"1504","PNC",2022-03-18,"Buy"
"1505","PNR",2022-03-24,"Buy"
"1506","PNR",2022-03-21,"Buy"
"1507","PNR",2022-03-23,"Sell"
"1508","PNR",2022-03-18,"Buy"
"1509","PNW",2022-03-24,"Sell"
"1510","PNW",2022-03-21,"Buy"
"1511","PNW",2022-03-23,"Buy"
"1512","PNW",2022-03-18,"Sell"
"1513","POOL",2022-03-22,"Buy"
"1514","POOL",2022-03-24,"Buy"
"1515","POOL",2022-03-23,"Sell"
"1516","POOL",2022-03-18,"Buy"
"1517","PPG",2022-03-22,"Sell"
"1518","PPG",2022-03-18,"Sell"
"1519","PPG",2022-03-21,"Buy"
"1520","PPG",2022-03-23,"Sell"
"1521","PPL",2022-03-22,"Buy"
"1522","PPL",2022-03-24,"Sell"
"1523","PPL",2022-03-21,"Buy"
"1524","PPL",2022-03-18,"Sell"
"1525","PRU",2022-03-23,"Sell"
"1526","PRU",2022-03-24,"Buy"
"1527","PRU",2022-03-22,"Sell"
"1528","PRU",2022-03-18,"Buy"
"1529","PSA",2022-03-21,"Buy"
"1530","PSA",2022-03-18,"Buy"
"1531","PSA",2022-03-24,"Sell"
"1532","PSA",2022-03-23,"Sell"
"1533","PSX",2022-03-21,"Sell"
"1534","PSX",2022-03-18,"Sell"
"1535","PSX",2022-03-24,"Buy"
"1536","PSX",2022-03-22,"Buy"
"1537","PTC",2022-03-18,"Buy"
"1538","PTC",2022-03-22,"Sell"
"1539","PTC",2022-03-23,"Sell"
"1540","PTC",2022-03-21,"Buy"
"1541","PVH",2022-03-24,"Sell"
"1542","PVH",2022-03-22,"Buy"
"1543","PVH",2022-03-23,"Sell"
"1544","PVH",2022-03-18,"Sell"
"1545","PWR",2022-03-24,"Buy"
"1546","PWR",2022-03-18,"Buy"
"1547","PWR",2022-03-21,"Sell"
"1548","PWR",2022-03-23,"Sell"
"1549","PXD",2022-03-23,"Sell"
"1550","PXD",2022-03-18,"Buy"
"1551","PXD",2022-03-24,"Sell"
"1552","PXD",2022-03-21,"Buy"
"1553","PYPL",2022-03-23,"Buy"
"1554","PYPL",2022-03-22,"Buy"
"1555","PYPL",2022-03-24,"Sell"
"1556","PYPL",2022-03-18,"Sell"
"1557","QCOM",2022-03-21,"Buy"
"1558","QCOM",2022-03-18,"Buy"
"1559","QCOM",2022-03-24,"Sell"
"1560","QCOM",2022-03-23,"Sell"
"1561","QRVO",2022-03-21,"Buy"
"1562","QRVO",2022-03-23,"Sell"
"1563","QRVO",2022-03-18,"Buy"
"1564","QRVO",2022-03-24,"Sell"
"1565","RCL",2022-03-21,"Sell"
"1566","RCL",2022-03-23,"Buy"
"1567","RCL",2022-03-18,"Sell"
"1568","RCL",2022-03-24,"Buy"
"1569","RE",2022-03-24,"Buy"
"1570","RE",2022-03-21,"Sell"
"1571","RE",2022-03-23,"Sell"
"1572","RE",2022-03-18,"Buy"
"1573","REG",2022-03-24,"Sell"
"1574","REG",2022-03-21,"Buy"
"1575","REG",2022-03-23,"Buy"
"1576","REG",2022-03-18,"Sell"
"1577","REGN",2022-03-24,"Buy"
"1578","REGN",2022-03-21,"Buy"
"1579","REGN",2022-03-23,"Sell"
"1580","REGN",2022-03-18,"Buy"
"1581","RF",2022-03-24,"Buy"
"1582","RF",2022-03-21,"Sell"
"1583","RF",2022-03-23,"Sell"
"1584","RF",2022-03-18,"Buy"
"1585","RHI",2022-03-22,"Sell"
"1586","RHI",2022-03-21,"Buy"
"1587","RHI",2022-03-23,"Sell"
"1588","RHI",2022-03-24,"Buy"
"1589","RJF",2022-03-18,"Buy"
"1590","RJF",2022-03-24,"Sell"
"1591","RJF",2022-03-21,"Buy"
"1592","RJF",2022-03-23,"Sell"
"1593","RL",2022-03-18,"Sell"
"1594","RL",2022-03-22,"Buy"
"1595","RL",2022-03-23,"Buy"
"1596","RL",2022-03-24,"Sell"
"1597","RMD",2022-03-24,"Buy"
"1598","RMD",2022-03-18,"Buy"
"1599","RMD",2022-03-21,"Sell"
"1600","RMD",2022-03-23,"Sell"
"1601","ROK",2022-03-23,"Sell"
"1602","ROK",2022-03-18,"Buy"
"1603","ROK",2022-03-24,"Sell"
"1604","ROK",2022-03-21,"Buy"
"1605","ROL",2022-03-23,"Sell"
"1606","ROL",2022-03-22,"Buy"
"1607","ROL",2022-03-24,"Buy"
"1608","ROL",2022-03-18,"Buy"
"1609","ROP",2022-03-21,"Buy"
"1610","ROP",2022-03-18,"Buy"
"1611","ROP",2022-03-24,"Sell"
"1612","ROP",2022-03-23,"Sell"
"1613","ROST",2022-03-23,"Buy"
"1614","ROST",2022-03-22,"Sell"
"1615","ROST",2022-03-24,"Sell"
"1616","ROST",2022-03-21,"Sell"
"1617","RSG",2022-03-23,"Sell"
"1618","RSG",2022-03-18,"Buy"
"1619","RSG",2022-03-22,"Sell"
"1620","RSG",2022-03-21,"Sell"
"1621","RTX",2022-03-21,"Sell"
"1622","RTX",2022-03-22,"Buy"
"1623","RTX",2022-03-23,"Sell"
"1624","RTX",2022-03-18,"Buy"
"1625","SBAC",2022-03-22,"Sell"
"1626","SBAC",2022-03-24,"Sell"
"1627","SBAC",2022-03-18,"Buy"
"1628","SBAC",2022-03-23,"Sell"
"1629","SBNY",2022-03-21,"Buy"
"1630","SBNY",2022-03-18,"Buy"
"1631","SBNY",2022-03-23,"Sell"
"1632","SBNY",2022-03-24,"Buy"
"1633","SBUX",2022-03-22,"Sell"
"1634","SBUX",2022-03-23,"Sell"
"1635","SBUX",2022-03-18,"Buy"
"1636","SBUX",2022-03-24,"Sell"
"1637","SCHW",2022-03-22,"Sell"
"1638","SCHW",2022-03-21,"Buy"
"1639","SCHW",2022-03-24,"Sell"
"1640","SCHW",2022-03-23,"Sell"
"1641","SEDG",2022-03-23,"Sell"
"1642","SEDG",2022-03-21,"Buy"
"1643","SEDG",2022-03-18,"Buy"
"1644","SEDG",2022-03-22,"Sell"
"1645","SEE",2022-03-22,"Sell"
"1646","SEE",2022-03-23,"Sell"
"1647","SEE",2022-03-24,"Buy"
"1648","SEE",2022-03-18,"Buy"
"1649","SHW",2022-03-22,"Sell"
"1650","SHW",2022-03-21,"Buy"
"1651","SHW",2022-03-18,"Buy"
"1652","SHW",2022-03-24,"Sell"
"1653","SIVB",2022-03-21,"Buy"
"1654","SIVB",2022-03-18,"Buy"
"1655","SIVB",2022-03-23,"Sell"
"1656","SIVB",2022-03-24,"Buy"
"1657","SJM",2022-03-18,"Sell"
"1658","SJM",2022-03-21,"Buy"
"1659","SJM",2022-03-24,"Sell"
"1660","SJM",2022-03-23,"Buy"
"1661","SLB",2022-03-21,"Sell"
"1662","SLB",2022-03-18,"Sell"
"1663","SLB",2022-03-23,"Buy"
"1664","SLB",2022-03-24,"Sell"
"1665","SNA",2022-03-18,"Buy"
"1666","SNA",2022-03-22,"Sell"
"1667","SNA",2022-03-21,"Buy"
"1668","SNA",2022-03-24,"Sell"
"1669","SNPS",2022-03-24,"Buy"
"1670","SNPS",2022-03-18,"Buy"
"1671","SNPS",2022-03-23,"Sell"
"1672","SNPS",2022-03-21,"Buy"
"1673","SO",2022-03-21,"Sell"
"1674","SO",2022-03-24,"Sell"
"1675","SO",2022-03-22,"Sell"
"1676","SO",2022-03-23,"Sell"
"1677","SPG",2022-03-21,"Sell"
"1678","SPG",2022-03-24,"Buy"
"1679","SPG",2022-03-18,"Sell"
"1680","SPG",2022-03-23,"Buy"
"1681","SPGI",2022-03-21,"Buy"
"1682","SPGI",2022-03-18,"Buy"
"1683","SPGI",2022-03-23,"Sell"
"1684","SPGI",2022-03-24,"Buy"
"1685","SRE",2022-03-22,"Sell"
"1686","SRE",2022-03-23,"Sell"
"1687","SRE",2022-03-18,"Buy"
"1688","SRE",2022-03-24,"Sell"
"1689","STE",2022-03-22,"Sell"
"1690","STE",2022-03-21,"Sell"
"1691","STE",2022-03-24,"Buy"
"1692","STE",2022-03-23,"Sell"
"1693","STT",2022-03-23,"Sell"
"1694","STT",2022-03-22,"Buy"
"1695","STT",2022-03-21,"Buy"
"1696","STT",2022-03-18,"Sell"
"1697","STX",2022-03-23,"Sell"
"1698","STX",2022-03-22,"Buy"
"1699","STX",2022-03-24,"Buy"
"1700","STX",2022-03-21,"Sell"
"1701","STZ",2022-03-18,"Sell"
"1702","STZ",2022-03-23,"Buy"
"1703","STZ",2022-03-21,"Sell"
"1704","STZ",2022-03-22,"Buy"
"1705","SWK",2022-03-24,"Buy"
"1706","SWK",2022-03-23,"Buy"
"1707","SWK",2022-03-22,"Buy"
"1708","SWK",2022-03-21,"Sell"
"1709","SWKS",2022-03-22,"Buy"
"1710","SWKS",2022-03-23,"Sell"
"1711","SWKS",2022-03-21,"Buy"
"1712","SWKS",2022-03-24,"Sell"
"1713","SYF",2022-03-23,"Buy"
"1714","SYF",2022-03-21,"Buy"
"1715","SYF",2022-03-22,"Buy"
"1716","SYF",2022-03-24,"Sell"
"1717","SYK",2022-03-22,"Sell"
"1718","SYK",2022-03-23,"Sell"
"1719","SYK",2022-03-21,"Buy"
"1720","SYK",2022-03-24,"Sell"
"1721","SYY",2022-03-21,"Sell"
"1722","SYY",2022-03-23,"Sell"
"1723","SYY",2022-03-24,"Sell"
"1724","SYY",2022-03-22,"Buy"
"1725","T",2022-03-22,"Sell"
"1726","T",2022-03-18,"Sell"
"1727","T",2022-03-21,"Buy"
"1728","T",2022-03-24,"Buy"
"1729","TAP",2022-03-21,"Buy"
"1730","TAP",2022-03-23,"Buy"
"1731","TAP",2022-03-24,"Sell"
"1732","TAP",2022-03-22,"Sell"
"1733","TDG",2022-03-23,"Sell"
"1734","TDG",2022-03-22,"Buy"
"1735","TDG",2022-03-21,"Buy"
"1736","TDG",2022-03-24,"Sell"
"1737","TDY",2022-03-23,"Sell"
"1738","TDY",2022-03-22,"Sell"
"1739","TDY",2022-03-21,"Buy"
"1740","TDY",2022-03-24,"Sell"
"1741","TECH",2022-03-23,"Sell"
"1742","TECH",2022-03-22,"Sell"
"1743","TECH",2022-03-21,"Buy"
"1744","TECH",2022-03-24,"Sell"
"1745","TEL",2022-03-18,"Buy"
"1746","TEL",2022-03-21,"Sell"
"1747","TEL",2022-03-23,"Sell"
"1748","TEL",2022-03-24,"Buy"
"1749","TER",2022-03-23,"Sell"
"1750","TER",2022-03-24,"Buy"
"1751","TER",2022-03-22,"Sell"
"1752","TER",2022-03-21,"Buy"
"1753","TFC",2022-03-18,"Buy"
"1754","TFC",2022-03-21,"Sell"
"1755","TFC",2022-03-23,"Sell"
"1756","TFC",2022-03-24,"Buy"
"1757","TFX",2022-03-23,"Sell"
"1758","TFX",2022-03-21,"Buy"
"1759","TFX",2022-03-22,"Sell"
"1760","TFX",2022-03-24,"Sell"
"1761","TGT",2022-03-22,"Sell"
"1762","TGT",2022-03-23,"Sell"
"1763","TGT",2022-03-21,"Buy"
"1764","TGT",2022-03-24,"Sell"
"1765","TJX",2022-03-23,"Sell"
"1766","TJX",2022-03-21,"Buy"
"1767","TJX",2022-03-22,"Sell"
"1768","TJX",2022-03-24,"Buy"
"1769","TMO",2022-03-22,"Buy"
"1770","TMO",2022-03-21,"Buy"
"1771","TMO",2022-03-18,"Buy"
"1772","TMO",2022-03-24,"Sell"
"1773","TMUS",2022-03-23,"Buy"
"1774","TMUS",2022-03-21,"Buy"
"1775","TMUS",2022-03-24,"Sell"
"1776","TMUS",2022-03-18,"Buy"
"1777","TPR",2022-03-18,"Sell"
"1778","TPR",2022-03-22,"Buy"
"1779","TPR",2022-03-21,"Sell"
"1780","TPR",2022-03-24,"Buy"
"1781","TRMB",2022-03-23,"Sell"
"1782","TRMB",2022-03-22,"Buy"
"1783","TRMB",2022-03-21,"Sell"
"1784","TRMB",2022-03-18,"Buy"
"1785","TROW",2022-03-18,"Buy"
"1786","TROW",2022-03-23,"Sell"
"1787","TROW",2022-03-22,"Buy"
"1788","TROW",2022-03-24,"Buy"
"1789","TRV",2022-03-24,"Sell"
"1790","TRV",2022-03-21,"Sell"
"1791","TRV",2022-03-22,"Buy"
"1792","TRV",2022-03-23,"Sell"
"1793","TSCO",2022-03-21,"Sell"
"1794","TSCO",2022-03-24,"Sell"
"1795","TSCO",2022-03-23,"Sell"
"1796","TSCO",2022-03-22,"Buy"
"1797","TSLA",2022-03-24,"Sell"
"1798","TSLA",2022-03-18,"Buy"
"1799","TSLA",2022-03-23,"Sell"
"1800","TSLA",2022-03-22,"Sell"
"1801","TSN",2022-03-22,"Sell"
"1802","TSN",2022-03-18,"Buy"
"1803","TSN",2022-03-23,"Sell"
"1804","TSN",2022-03-24,"Buy"
"1805","TT",2022-03-21,"Buy"
"1806","TT",2022-03-24,"Sell"
"1807","TT",2022-03-18,"Buy"
"1808","TT",2022-03-22,"Sell"
"1809","TTWO",2022-03-23,"Sell"
"1810","TTWO",2022-03-22,"Buy"
"1811","TTWO",2022-03-24,"Sell"
"1812","TTWO",2022-03-21,"Buy"
"1813","TWTR",2022-03-21,"Buy"
"1814","TWTR",2022-03-24,"Sell"
"1815","TWTR",2022-03-23,"Buy"
"1816","TWTR",2022-03-22,"Buy"
"1817","TXN",2022-03-18,"Buy"
"1818","TXN",2022-03-23,"Sell"
"1819","TXN",2022-03-24,"Sell"
"1820","TXN",2022-03-22,"Buy"
"1821","TXT",2022-03-21,"Sell"
"1822","TXT",2022-03-24,"Buy"
"1823","TXT",2022-03-23,"Sell"
"1824","TXT",2022-03-22,"Buy"
"1825","TYL",2022-03-24,"Sell"
"1826","TYL",2022-03-23,"Sell"
"1827","TYL",2022-03-22,"Buy"
"1828","TYL",2022-03-21,"Sell"
"1829","UA",2022-03-18,"Sell"
"1830","UA",2022-03-21,"Buy"
"1831","UA",2022-03-22,"Buy"
"1832","UA",2022-03-23,"Sell"
"1833","UAA",2022-03-24,"Sell"
"1834","UAA",2022-03-23,"Buy"
"1835","UAA",2022-03-21,"Buy"
"1836","UAA",2022-03-18,"Sell"
"1837","UAL",2022-03-18,"Sell"
"1838","UAL",2022-03-23,"Buy"
"1839","UAL",2022-03-22,"Buy"
"1840","UAL",2022-03-24,"Sell"
"1841","UDR",2022-03-24,"Sell"
"1842","UDR",2022-03-21,"Buy"
"1843","UDR",2022-03-22,"Sell"
"1844","UDR",2022-03-23,"Buy"
"1845","UHS",2022-03-21,"Buy"
"1846","UHS",2022-03-24,"Sell"
"1847","UHS",2022-03-23,"Sell"
"1848","UHS",2022-03-22,"Buy"
"1849","ULTA",2022-03-24,"Buy"
"1850","ULTA",2022-03-18,"Buy"
"1851","ULTA",2022-03-22,"Sell"
"1852","ULTA",2022-03-23,"Buy"
"1853","UNH",2022-03-21,"Sell"
"1854","UNH",2022-03-22,"Buy"
"1855","UNH",2022-03-23,"Sell"
"1856","UNH",2022-03-18,"Buy"
"1857","UNP",2022-03-22,"Sell"
"1858","UNP",2022-03-24,"Buy"
"1859","UNP",2022-03-21,"Buy"
"1860","UNP",2022-03-18,"Buy"
"1861","UPS",2022-03-18,"Buy"
"1862","UPS",2022-03-22,"Sell"
"1863","UPS",2022-03-21,"Buy"
"1864","UPS",2022-03-24,"Sell"
"1865","URI",2022-03-18,"Buy"
"1866","URI",2022-03-24,"Sell"
"1867","URI",2022-03-23,"Sell"
"1868","URI",2022-03-22,"Buy"
"1869","USB",2022-03-18,"Buy"
"1870","USB",2022-03-22,"Sell"
"1871","USB",2022-03-21,"Buy"
"1872","USB",2022-03-23,"Sell"
"1873","V",2022-03-18,"Buy"
"1874","V",2022-03-24,"Sell"
"1875","V",2022-03-21,"Sell"
"1876","V",2022-03-22,"Sell"
"1877","VFC",2022-03-23,"Buy"
"1878","VFC",2022-03-24,"Buy"
"1879","VFC",2022-03-18,"Sell"
"1880","VFC",2022-03-22,"Buy"
"1881","VLO",2022-03-21,"Buy"
"1882","VLO",2022-03-22,"Sell"
"1883","VLO",2022-03-24,"Sell"
"1884","VLO",2022-03-23,"Buy"
"1885","VMC",2022-03-23,"Buy"
"1886","VMC",2022-03-18,"Buy"
"1887","VMC",2022-03-24,"Sell"
"1888","VMC",2022-03-22,"Sell"
"1889","VNO",2022-03-21,"Buy"
"1890","VNO",2022-03-23,"Buy"
"1891","VNO",2022-03-22,"Sell"
"1892","VNO",2022-03-24,"Sell"
"1893","VRSK",2022-03-21,"Buy"
"1894","VRSK",2022-03-23,"Sell"
"1895","VRSK",2022-03-18,"Buy"
"1896","VRSK",2022-03-22,"Sell"
"1897","VRSN",2022-03-21,"Buy"
"1898","VRSN",2022-03-23,"Sell"
"1899","VRSN",2022-03-18,"Buy"
"1900","VRSN",2022-03-22,"Sell"
"1901","VRTX",2022-03-21,"Buy"
"1902","VRTX",2022-03-23,"Sell"
"1903","VRTX",2022-03-18,"Buy"
"1904","VRTX",2022-03-22,"Sell"
"1905","VTR",2022-03-21,"Sell"
"1906","VTR",2022-03-23,"Buy"
"1907","VTR",2022-03-18,"Sell"
"1908","VTR",2022-03-22,"Buy"
"1909","VTRS",2022-03-24,"Buy"
"1910","VTRS",2022-03-21,"Sell"
"1911","VTRS",2022-03-23,"Buy"
"1912","VTRS",2022-03-22,"Sell"
"1913","VZ",2022-03-24,"Buy"
"1914","VZ",2022-03-21,"Buy"
"1915","VZ",2022-03-23,"Sell"
"1916","VZ",2022-03-22,"Buy"
"1917","WAB",2022-03-18,"Buy"
"1918","WAB",2022-03-24,"Sell"
"1919","WAB",2022-03-23,"Buy"
"1920","WAB",2022-03-22,"Buy"
"1921","WAT",2022-03-18,"Buy"
"1922","WAT",2022-03-22,"Sell"
"1923","WAT",2022-03-21,"Buy"
"1924","WAT",2022-03-23,"Sell"
"1925","WBA",2022-03-18,"Sell"
"1926","WBA",2022-03-24,"Buy"
"1927","WBA",2022-03-21,"Buy"
"1928","WBA",2022-03-22,"Sell"
"1929","WDC",2022-03-23,"Sell"
"1930","WDC",2022-03-24,"Buy"
"1931","WDC",2022-03-18,"Sell"
"1932","WDC",2022-03-22,"Buy"
"1933","WEC",2022-03-21,"Sell"
"1934","WEC",2022-03-22,"Buy"
"1935","WEC",2022-03-18,"Buy"
"1936","WEC",2022-03-23,"Sell"
"1937","WELL",2022-03-21,"Buy"
"1938","WELL",2022-03-22,"Sell"
"1939","WELL",2022-03-24,"Sell"
"1940","WELL",2022-03-18,"Buy"
"1941","WFC",2022-03-18,"Sell"
"1942","WFC",2022-03-24,"Buy"
"1943","WFC",2022-03-23,"Sell"
"1944","WFC",2022-03-21,"Buy"
"1945","WHR",2022-03-18,"Sell"
"1946","WHR",2022-03-24,"Buy"
"1947","WHR",2022-03-23,"Buy"
"1948","WHR",2022-03-22,"Buy"
"1949","WM",2022-03-22,"Buy"
"1950","WM",2022-03-18,"Buy"
"1951","WM",2022-03-21,"Sell"
"1952","WM",2022-03-23,"Sell"
"1953","WMB",2022-03-23,"Buy"
"1954","WMB",2022-03-18,"Sell"
"1955","WMB",2022-03-22,"Buy"
"1956","WMB",2022-03-21,"Sell"
"1957","WMT",2022-03-23,"Sell"
"1958","WMT",2022-03-24,"Sell"
"1959","WMT",2022-03-22,"Buy"
"1960","WMT",2022-03-18,"Buy"
"1961","WRB",2022-03-21,"Buy"
"1962","WRB",2022-03-18,"Buy"
"1963","WRB",2022-03-22,"Sell"
"1964","WRB",2022-03-23,"Buy"
"1965","WRK",2022-03-21,"Sell"
"1966","WRK",2022-03-23,"Buy"
"1967","WRK",2022-03-18,"Sell"
"1968","WRK",2022-03-22,"Buy"
"1969","WST",2022-03-21,"Sell"
"1970","WST",2022-03-23,"Buy"
"1971","WST",2022-03-18,"Buy"
"1972","WST",2022-03-22,"Sell"
"1973","WTW",2022-03-22,"Sell"
"1974","WTW",2022-03-21,"Sell"
"1975","WTW",2022-03-23,"Buy"
"1976","WTW",2022-03-18,"Buy"
"1977","WY",2022-03-22,"Buy"
"1978","WY",2022-03-21,"Buy"
"1979","WY",2022-03-23,"Sell"
"1980","WY",2022-03-18,"Buy"
"1981","WYNN",2022-03-22,"Sell"
"1982","WYNN",2022-03-21,"Sell"
"1983","WYNN",2022-03-23,"Buy"
"1984","WYNN",2022-03-18,"Sell"
"1985","XEL",2022-03-22,"Sell"
"1986","XEL",2022-03-21,"Sell"
"1987","XEL",2022-03-23,"Buy"
"1988","XEL",2022-03-18,"Buy"
"1989","XOM",2022-03-24,"Buy"
"1990","XOM",2022-03-21,"Sell"
"1991","XOM",2022-03-23,"Buy"
"1992","XOM",2022-03-22,"Sell"
"1993","XRAY",2022-03-18,"Sell"
"1994","XRAY",2022-03-22,"Buy"
"1995","XRAY",2022-03-21,"Sell"
"1996","XRAY",2022-03-23,"Sell"
"1997","XYL",2022-03-18,"Buy"
"1998","XYL",2022-03-24,"Sell"
"1999","XYL",2022-03-23,"Sell"
"2000","XYL",2022-03-22,"Buy"
"2001","YUM",2022-03-22,"Sell"
"2002","YUM",2022-03-18,"Buy"
"2003","YUM",2022-03-21,"Sell"
"2004","YUM",2022-03-23,"Sell"
"2005","ZBH",2022-03-23,"Sell"
"2006","ZBH",2022-03-18,"Buy"
"2007","ZBH",2022-03-22,"Sell"
"2008","ZBH",2022-03-21,"Buy"
"2009","ZBRA",2022-03-23,"Sell"
"2010","ZBRA",2022-03-24,"Sell"
"2011","ZBRA",2022-03-22,"Buy"
"2012","ZBRA",2022-03-18,"Buy"
"2013","ZION",2022-03-21,"Sell"
"2014","ZION",2022-03-18,"Buy"
"2015","ZION",2022-03-22,"Sell"
"2016","ZION",2022-03-23,"Sell"
"2017","ZTS",2022-03-23,"Sell"
"2018","ZTS",2022-03-21,"Sell"
"2019","ZTS",2022-03-22,"Buy"
"2020","ZTS",2022-03-24,"Buy"
